Workbook

Sheet Dados
A1: Nome | B1: Sexo | C1: Curso | D1: Data Nasc. | E1: Idade
A2: Ana Lúcia Mendes | B2: Feminino | C2: Biologia | D2: 26748 | E2: =YEARFRAC(D2,TODAY()) -> 52.25
A3: Ana Paula Picoli | B3: Feminino | C3: Biologia | D3: 27124 | E3: =YEARFRAC(D3,TODAY()) -> 51.222222
A4: Anaor Mendonça | B4: Masculino | C4: Biologia | D4: 27529 | E4: =YEARFRAC(D4,TODAY()) -> 50.111111
A5: Andréia Piccoli Gonzales | B5: Feminino | C5: Matemática | D5: 28755 | E5: =YEARFRAC(D5,TODAY()) -> 46.758333
A6: Antonio Luiz Silva | B6: Masculino | C6: Matemática | D6: 29162 | E6: =YEARFRAC(D6,TODAY()) -> 45.644444
A7: Beatriz Azevedo | B7: Feminino | C7: Educação Física | D7: 29499 | E7: =YEARFRAC(D7,TODAY()) -> 44.722222
A8: Cecília Teresa | B8: Feminino | C8: Matemática | D8: 29569 | E8: =YEARFRAC(D8,TODAY()) -> 44.530556
A9: Clara de Assis | B9: Feminino | C9: Matemática | D9: 29976 | E9: =YEARFRAC(D9,TODAY()) -> 43.416667
A10: Conceição de Torres | B10: Feminino | C10: Matemática | D10: 30383 | E10: =YEARFRAC(D10,TODAY()) -> 42.297222
A11: Djanir Mendes | B11: Masculino | C11: Matemática | D11: 30790 | E11: =YEARFRAC(D11,TODAY()) -> 41.186111
A12: Douglas Francisco Piccoli | B12: Masculino | C12: Matemática | D12: 31197 | E12: =YEARFRAC(D12,TODAY()) -> 40.069444
A13: Elzita das Neves | B13: Feminino | C13: Matemática | D13: 31604 | E13: =YEARFRAC(D13,TODAY()) -> 38.955556
... A38: Vitória Maria | B38: Feminino | C38: Letras | D38: 28348 | E38: =YEARFRAC(D38,TODAY()) -> 47.872222

Sheet Relatório
A1: Relatório De Matrículas
A3: Sexo | B3: Quantidade de alunos | D3: Curso | E3: Quantidade de alunos | G3: Idade | H3: Quantidade de alunos
A4: Feminino | B4: =COUNTIF(Dados!B:B,A4) -> 24 | D4: Biologia | E4: =COUNTIF(Dados!C:C,D4) -> 7 | G4: Acima de 50 | H4: =COUNTIF(Dados!E:E,">50") -> 10
A5: Masculino | B5: =COUNTIF(Dados!B:B,A5) -> 13 | D5: Educação Física | E5: =COUNTIF(Dados!C:C,D5) -> 3 | G5: Abaixo de 25 | H5: =COUNTIF(Dados!D:D,"<25") -> 0
D6: História | E6: =COUNTIF(Dados!C:C,D6) -> 6 | G6: Acima de 40 | H6: =COUNTIF(Dados!E:E,">40") -> 31
D7: Letras | E7: =COUNTIF(Dados!C:C,D7) -> 5 | G7: Acima de 30 | H7: =COUNTIF(Dados!E:E,">30") -> 37
D8: Matemática | E8: =COUNTIF(Dados!C:C,D8) -> 10
D9: Química | E9: =COUNTIF(Dados!C:C,D9) -> 6
