Workbook

Sheet Trim1
A1: Controle de Vendas - Lojas MSB
B3: Lojas | C3: Janeiro | D3: Fevereiro | E3: Março | F3: Total
B4: Lisboa | C4: 1000 | D4: 1200 | F4: =SUM(C4:E4) -> 2200
B5: Porto | C5: 1100 | F5: =SUM(C5:E5) -> 1100
B6: Braga | F6: =SUM(C6:E6) -> 0
B7: Faro | C7: 100 | E7: 150 | F7: =SUM(C7:E7) -> 250
B8: Total | C8: =SUM(C4:C7) -> 2200 | D8: =SUM(D4:D7) -> 1200 | E8: =SUM(E4:E7) -> 150 | F8: =SUM(C8:E8) -> 3550

Sheet Trim2
A1: Controle de Vendas - Lojas MSB
B3: Lojas | C3: Abril | D3: Maio | E3: Junho | F3: Total
B4: Lisboa | C4: 1000 | D4: 1100 | F4: =SUM(C4:E4) -> 2100
B5: Porto | C5: 1200 | F5: =SUM(C5:E5) -> 1200
B6: Braga | F6: =SUM(C6:E6) -> 0
B7: Faro | D7: 300 | F7: =SUM(C7:E7) -> 300
B8: Total | C8: =SUM(C4:C7) -> 2200 | D8: =SUM(D4:D7) -> 1400 | E8: =SUM(E4:E7) -> 0 | F8: =SUM(C8:E8) -> 3600

Sheet Trim3
A1: Controle de Vendas - Lojas MSB
B3: Lojas | C3: Julho | D3: Agosto | E3: Setembro | F3: Total
B4: Lisboa | C4: 1500 | F4: =SUM(C4:E4) -> 1500
B5: Porto | C5: 1200 | F5: =SUM(C5:E5) -> 1200
B6: Braga | D6: 300 | E6: 200 | F6: =SUM(C6:E6) -> 500
B7: Faro | D7: 200 | F7: =SUM(C7:E7) -> 200
B8: Total | C8: =SUM(C4:C7) -> 2700 | D8: =SUM(D4:D7) -> 500 | E8: =SUM(E4:E7) -> 200 | F8: =SUM(C8:E8) -> 3400

Sheet Trim4
A1: Controle de Vendas - Lojas MSB
B3: Lojas | C3: Outubro | D3: Novembro | E3: Dezembro | F3: Total
B4: Lisboa | C4: 1100 | F4: =SUM(C4:E4) -> 1100
B5: Porto | D5: 1500 | F5: =SUM(C5:E5) -> 1500
B6: Braga | C6: 800 | F6: =SUM(C6:E6) -> 800
B7: Faro | D7: 200 | F7: =SUM(C7:E7) -> 200
B8: Total | C8: =SUM(C4:C7) -> 1900 | D8: =SUM(D4:D7) -> 1700 | E8: =SUM(E4:E7) -> 0 | F8: =SUM(C8:E8) -> 3600

Sheet Anual
A1: Controle de Vendas - Lojas MSB
B3: Lojas | C3: Trim1 | D3: Trim2 | E3: Trim3 | F3: Trim4 | G3: Total
B4: Lisboa | C4: =Trim1!F4 -> 2200 | D4: =Trim2!F4 -> 2100 | E4: =Trim3!F4 -> 1500 | F4: =Trim4!F4 -> 1100 | G4: =SUM(C4:F4) -> 6900
B5: Porto | C5: =Trim1!F5 -> 1100 | D5: =Trim2!F5 -> 1200 | E5: =Trim3!F5 -> 1200 | F5: =Trim4!F5 -> 1500 | G5: =SUM(C5:F5) -> 5000
B6: Braga | C6: =Trim1!F6 -> 0 | D6: =Trim2!F6 -> 0 | E6: =Trim3!F6 -> 500 | F6: =Trim4!F6 -> 800 | G6: =SUM(C6:F6) -> 1300
B7: Faro | C7: =Trim1!F7 -> 250 | D7: =Trim2!F7 -> 300 | E7: =Trim3!F7 -> 200 | F7: =Trim4!F7 -> 200 | G7: =SUM(C7:F7) -> 950
B8: Total | C8: =SUM(C4:C7) -> 3550 | D8: =SUM(D4:D7) -> 3600 | E8: =SUM(E4:E7) -> 3400 | F8: =SUM(F4:F7) -> 3600 | G8: =SUM(C8:F8) -> 14150
